index,filename,width,height,orientation
1,file_00000000082c81f4b7babe491e5cddbe.png,1536,303,landscape
2,file_000000000cc881f4b198227252816a35.png,1536,1024,landscape
3,file_000000000f48821197ad3e5286641117.png,1402,1122,landscape
4,file_000000002414824386607cfb9039dcaa.png,1536,1024,landscape
5,file_00000000267c820aad0d38b5e702c2cc.png,1536,1024,landscape
6,file_000000002cb88243825648ce0482d319.png,1536,1024,landscape
7,file_00000000399881f4b5aa767bdf81cbba.png,1536,1024,landscape
8,file_0000000048d4821180369195b6b3038d.png,1402,1122,landscape
9,file_000000004de4824386690d7b78dc812a.png,1536,1024,landscape
10,file_000000005f6081f49db6d9472d67de31.png,1536,1024,landscape
11,file_000000006adc81f49c3c5a655caf240e.png,1536,1024,landscape
12,file_000000006fa481f4836449e3e4604616.png,1536,1024,landscape
13,file_00000000706082468998978743d2c98b.png,1536,1024,landscape
14,file_00000000720081f488d048f03f07d6e0.png,1536,1024,landscape
15,file_000000007474820a89ec08d91ff03f6c.png,1536,1024,landscape
16,file_0000000085f081f48e435afdf3683ea4.png,1536,1024,landscape
17,file_0000000089208246a3ef5507095557b7.png,1536,1024,landscape
18,file_000000008a488246b97c57e9a87cf112.png,1536,1024,landscape
19,file_00000000984c81f4a32fa0d424fb22af.png,1536,1024,landscape
20,file_000000009d28822f88f03233415243e2.png,1536,1024,landscape
21,file_000000009e588243903621bf95a440e4.png,1536,1024,landscape
22,file_00000000a15081f48ef07e934c892853.png,1536,1024,landscape
23,file_00000000a4bc81f4932165b55989c5b0.png,1536,1024,landscape
24,file_00000000ae3c820aa578deedc960cd04.png,1536,1024,landscape
25,file_00000000b31c81f4a7e849bcc1e7408f.png,1360,1156,landscape
26,file_00000000bf20820ab2810548994a54d0.png,1536,1024,landscape
27,file_00000000bfe882469127d4bce8ff44ee.png,1536,1024,landscape
28,file_00000000c1b881f49b126a54d2b54092.png,1536,521,landscape
29,file_00000000c500820e9d70e5a16c8cfe23.png,1536,1024,landscape
30,file_00000000c7b481f4becbd5d81ee32b23.png,1536,1024,landscape
31,file_00000000da408243a5e0e7888f6f15c0.png,1536,1024,landscape
32,file_00000000e1c081f4bb305ab1aeba91bf.png,1536,1024,landscape
33,file_00000000f180824682d4d6a4bd60c62e.png,1609,977,landscape
34,file_00000000f48c81f49b9026d50586e198.png,1536,1024,landscape
35,file_00000000f72882469fc08a42a34ea677.png,1536,1024,landscape
