assetIndex,sourceFilename,preparedFilename,width,height
1,file_00000000082c81f4b7babe491e5cddbe.png,concept-board-01.webp,1280,253
2,file_000000000cc881f4b198227252816a35.png,concept-board-02.webp,1280,853
3,file_000000000f48821197ad3e5286641117.png,concept-board-03.webp,1280,1024
4,file_000000002414824386607cfb9039dcaa.png,concept-board-04.webp,1280,853
5,file_00000000267c820aad0d38b5e702c2cc.png,concept-board-05.webp,1280,853
6,file_000000002cb88243825648ce0482d319.png,concept-board-06.webp,1280,853
7,file_00000000399881f4b5aa767bdf81cbba.png,concept-board-07.webp,1280,853
8,file_0000000048d4821180369195b6b3038d.png,concept-board-08.webp,1280,1024
9,file_000000004de4824386690d7b78dc812a.png,concept-board-09.webp,1280,853
10,file_000000005f6081f49db6d9472d67de31.png,concept-board-10.webp,1280,853
11,file_000000006adc81f49c3c5a655caf240e.png,concept-board-11.webp,1280,853
12,file_000000006fa481f4836449e3e4604616.png,concept-board-12.webp,1280,853
13,file_00000000706082468998978743d2c98b.png,concept-board-13.webp,1280,853
14,file_00000000720081f488d048f03f07d6e0.png,concept-board-14.webp,1280,853
15,file_000000007474820a89ec08d91ff03f6c.png,concept-board-15.webp,1280,853
16,file_0000000085f081f48e435afdf3683ea4.png,concept-board-16.webp,1280,853
17,file_0000000089208246a3ef5507095557b7.png,concept-board-17.webp,1280,853
18,file_000000008a488246b97c57e9a87cf112.png,concept-board-18.webp,1280,853
19,file_00000000984c81f4a32fa0d424fb22af.png,concept-board-19.webp,1280,853
20,file_000000009d28822f88f03233415243e2.png,concept-board-20.webp,1280,853
21,file_000000009e588243903621bf95a440e4.png,concept-board-21.webp,1280,853
22,file_00000000a15081f48ef07e934c892853.png,concept-board-22.webp,1280,853
23,file_00000000a4bc81f4932165b55989c5b0.png,concept-board-23.webp,1280,853
24,file_00000000ae3c820aa578deedc960cd04.png,concept-board-24.webp,1280,853
25,file_00000000b31c81f4a7e849bcc1e7408f.png,concept-board-25.webp,1280,1088
26,file_00000000bf20820ab2810548994a54d0.png,concept-board-26.webp,1280,853
27,file_00000000bfe882469127d4bce8ff44ee.png,concept-board-27.webp,1280,853
28,file_00000000c1b881f49b126a54d2b54092.png,concept-board-28.webp,1280,434
29,file_00000000c500820e9d70e5a16c8cfe23.png,concept-board-29.webp,1280,853
30,file_00000000c7b481f4becbd5d81ee32b23.png,concept-board-30.webp,1280,853
31,file_00000000da408243a5e0e7888f6f15c0.png,concept-board-31.webp,1280,853
32,file_00000000e1c081f4bb305ab1aeba91bf.png,concept-board-32.webp,1280,853
33,file_00000000f180824682d4d6a4bd60c62e.png,concept-board-33.webp,1280,777
34,file_00000000f48c81f49b9026d50586e198.png,concept-board-34.webp,1280,853
35,file_00000000f72882469fc08a42a34ea677.png,concept-board-35.webp,1280,853
